{"accuracy": 0.8006134969325154, "auc": 0.8915504260688679, "run_id": "1ffada18a3e647988f6718c896d2b3e4"}